antecedents,consequents,antecedent support,consequent support,support,confidence,lift,representativity,leverage,conviction,zhangs_metric,jaccard,certainty,kulczynski
['max'],['pro'],0.06312028582770941,0.1147280666931322,0.05795950774116713,0.9182389937106917,8.003612543796653,1.0,0.050717839379036116,10.827556722753217,0.9340114929185048,0.48344370860927144,0.9076430606086244,0.7117146525646885
['every'],['year'],0.07502977371973005,0.12187375942834458,0.06272330289797538,0.8359788359788359,6.859383347982696,1.0,0.05357914230569387,5.35373740219493,0.9235046449720216,0.46745562130177515,0.8132145966684845,0.675318408217431
