category,count,percent
positive,1267,40.24777636594663
neutral,1379,43.80559085133418
negative,502,15.946632782719186
