term,score,rank
little bit,0.1762503652164367,1
pro model,0.1652347173904094,2
form factor,0.13218777391232753,3
later case,0.13218777391232753,4
pro max,0.12117212608630024,5
new iphone,0.11015647826027293,6
look like,0.09914083043424564,7
existing pro,0.09914083043424564,8
black black,0.08812518260821835,9
camera section,0.07710953478219106,10
