antecedents,consequents,antecedent support,consequent support,support,confidence,lift,representativity,leverage,conviction,zhangs_metric,jaccard,certainty,kulczynski
['max'],['pro'],0.06333973128598848,0.11516314779270634,0.05758157389635317,0.9090909090909092,7.8939393939393945,1.0,0.05028717106111457,9.733205374280239,0.9323770491803278,0.47619047619047616,0.8972589232892921,0.7045454545454546
['every'],['year'],0.07332053742802304,0.11785028790786949,0.06065259117082534,0.8272251308900523,7.019288162764124,1.0,0.05201174472537311,5.105775606351422,0.9253851478191563,0.46470588235294114,0.8041433707435102,0.6709415556730391
